{"cameraMode":{"drawMode":0,"name":"Shaded","section":"Shading Mode"},"sceneLighting":false,"audioPlay":false,"sceneViewState":{"showFog":true,"showMaterialUpdate":false,"showSkybox":false,"showFlares":true,"showImageEffects":true,"showParticleSystems":true,"showVisualEffectGraphs":true,"m_FxEnabled":false},"in2DMode":false,"pivot":{"x":-0.2176777422428131,"y":-0.021641850471496583,"z":-0.06098651885986328},"rotation":{"x":0.04165561497211456,"y":0.9538819193840027,"z":-0.2520274817943573,"w":0.15765923261642457},"size":0.3464100956916809,"orthographic":false}