{"cameraMode":{"drawMode":0,"name":"Shaded","section":"Shading Mode"},"sceneLighting":false,"audioPlay":false,"sceneViewState":{"showFog":true,"showMaterialUpdate":false,"showSkybox":false,"showFlares":true,"showImageEffects":true,"showParticleSystems":true,"showVisualEffectGraphs":true,"m_FxEnabled":false},"in2DMode":false,"pivot":{"x":-0.06138975918292999,"y":-0.009674053639173508,"z":-0.006559111177921295},"rotation":{"x":0.08273442834615708,"y":0.9136133193969727,"z":-0.23553290963172913,"w":0.3209197521209717},"size":11.010446548461914,"orthographic":false}