{"cameraMode":{"drawMode":0,"name":"Shaded","section":"Shading Mode"},"sceneLighting":true,"audioPlay":false,"sceneViewState":{"showFog":true,"showMaterialUpdate":false,"showSkybox":true,"showFlares":true,"showImageEffects":true,"showParticleSystems":true,"showVisualEffectGraphs":true,"m_FxEnabled":false},"in2DMode":false,"pivot":{"x":1.4924242496490479,"y":0.08675456047058106,"z":22.29405403137207},"rotation":{"x":0.17989346385002137,"y":0.014755330979824067,"z":-0.0026982566341757776,"w":0.9835720062255859},"size":9.222906112670899,"orthographic":false}