{"cameraMode":{"drawMode":0,"name":"Shaded","section":"Shading Mode"},"sceneLighting":true,"audioPlay":false,"sceneViewState":{"showFog":true,"showMaterialUpdate":false,"showSkybox":true,"showFlares":true,"showImageEffects":true,"showParticleSystems":true,"showVisualEffectGraphs":true,"m_FxEnabled":false},"in2DMode":false,"pivot":{"x":-9.800000190734864,"y":0.6999999284744263,"z":-3.200000047683716},"rotation":{"x":0.2333206832408905,"y":-0.008164988830685616,"z":0.0019596891943365337,"w":0.9723630547523499},"size":0.8999997973442078,"orthographic":true}