{"cameraMode":{"drawMode":0,"name":"Shaded","section":"Shading Mode"},"sceneLighting":true,"audioPlay":false,"sceneViewState":{"showFog":true,"showMaterialUpdate":false,"showSkybox":true,"showFlares":true,"showImageEffects":true,"showParticleSystems":true,"showVisualEffectGraphs":true,"m_FxEnabled":false},"in2DMode":false,"pivot":{"x":-13.243219375610352,"y":0.044345855712890628,"z":-4.753345489501953},"rotation":{"x":0.04165561497211456,"y":0.9538819193840027,"z":-0.2520274817943573,"w":0.15765923261642457},"size":4.896710395812988,"orthographic":false}